1,Joy X. Sweeney,1,1-865-585-6463,13
2,Knox O. Obrien,1,1-916-201-4242,31
3,Caldwell S. Gillespie,1,1-920-180-6749,24
4,Cassady I. Pierce,1,1-743-199-1923,23
5,Vanna K. Bradley,1,1-609-519-9766,41
6,Anika N. Irwin,1,1-157-126-1241,30
7,Pandora K. Warren,1,1-785-752-3194,21
8,Ifeoma G. Oneal,1,1-269-104-5404,15
9,Garth T. Mitchell,1,1-622-399-8533,2
10,Cecilia J. Rivera,0,1-514-224-0367,25
11,Leonard F. Vargas,0,1-156-419-1010,48
12,Vernon M. Morton,1,1-199-218-4062,49
13,Tyrone B. Sanchez,0,1-626-218-6559,43
14,Noelle U. Mcbride,0,1-762-493-4917,3
15,Murphy K. Berger,1,1-126-277-3904,40
16,Davis Q. Holcomb,1,1-237-632-9355,28
17,Dominique G. Roach,1,1-560-962-8049,21
18,Deanna O. Castillo,0,1-400-746-5880,14
19,Sasha B. Tyler,1,1-581-309-5797,20
20,Evangeline R. Lancaster,1,1-265-141-2247,25
21,Thomas Q. Weaver,0,1-445-770-3377,40
22,Flynn V. Odom,0,1-700-745-3169,31
23,John N. Mcmillan,1,1-565-494-9369,32
24,Fitzgerald Y. Cooke,1,1-885-281-1130,40
25,Kane A. Figueroa,1,1-818-404-0508,19
26,Carla C. Gay,0,1-194-326-9790,29
27,Sean Y. Glover,0,1-306-446-8011,43
28,Gary V. Dorsey,0,1-161-441-7849,47
29,Richard K. Benton,1,1-283-600-2658,30
30,Gannon K. Newton,1,1-259-127-1186,30
31,Raymond R. Berg,1,1-644-635-9412,35
32,Venus C. Benton,1,1-790-449-3432,19
33,Lars T. Massey,1,1-727-558-1478,38
34,Lev W. Rios,1,1-340-204-4519,25
35,Stacy J. Hoover,0,1-826-861-2244,21
36,Hillary L. Sheppard,0,1-430-541-5433,1
37,Sacha M. Nash,0,1-903-547-4011,7
38,Serena X. Turner,1,1-702-334-3051,4
39,Joy O. Grimes,0,1-786-187-4111,10
40,Yeo J. Puckett,1,1-651-718-5344,46
41,Berk E. Castillo,1,1-905-608-0970,3
42,Alea I. Puckett,0,1-280-555-8478,3
43,Drake V. Lyons,1,1-260-348-0794,39
44,Rae R. Nixon,1,1-599-238-6767,3
45,Andrew A. Sanford,0,1-267-532-9684,42
46,Galvin Z. Weeks,1,1-762-757-1381,43
47,Scott F. Lawrence,1,1-613-463-7118,17
48,Jenette C. Lee,1,1-798-588-0262,17
49,Beverly K. Preston,1,1-232-249-4818,26
50,Eden L. Downs,0,1-610-714-2544,49
51,Jameson N. Cline,1,1-936-359-9993,17
52,Rana L. Whitehead,1,1-400-883-6445,47
53,Lars V. Yates,1,1-384-298-9035,42
54,Kenneth H. Barron,0,1-182-411-3689,33
55,Damian G. Benson,1,1-450-737-4124,27
56,Xena S. Alvarado,1,1-948-600-2273,23
57,Risa W. Alvarez,0,1-545-138-1498,11
58,Simone H. Ball,1,1-464-767-4050,23
59,Brian M. Moreno,1,1-868-413-3616,44
60,Ima I. Bray,1,1-391-425-5285,49
61,Galena T. Simon,0,1-265-838-6885,37
62,Alden S. Obrien,0,1-690-690-7039,33
63,Raymond X. Santos,1,1-664-211-8669,26
64,Aurora W. Hopkins,1,1-539-485-9541,50
65,Gareth H. Lane,0,1-264-462-8006,40
66,Hoyt U. Harrell,1,1-691-488-8713,45
67,Ina X. Savage,0,1-215-152-6630,24
68,Tatiana E. Yang,1,1-670-813-4678,18
69,Yolanda S. Peck,0,1-642-357-0280,36
70,Regan T. Lindsay,0,1-530-583-5979,45
71,Jorden U. Gentry,1,1-914-996-3528,15
72,Nyssa E. Schultz,1,1-970-843-8472,10
73,Scott K. Lynn,0,1-492-969-7601,27
74,Dane X. Turner,0,1-763-807-8557,32
75,Josephine R. Harrington,0,1-134-551-1760,50
76,Emmanuel K. Bush,1,1-895-658-2300,14
77,Maxine K. Hobbs,0,1-157-470-6822,5
78,Gil O. Morris,0,1-564-637-7472,48
79,Sean H. Farley,0,1-537-663-9480,8
80,Julie L. Boyd,1,1-908-852-8906,43
81,Finn M. Lane,1,1-432-983-4805,35
82,Boris P. Ortiz,1,1-962-901-2331,5
83,Nehru M. Greer,0,1-715-842-8582,28
84,Fiona D. Stuart,1,1-184-161-1586,45
85,Edward W. Cooke,1,1-240-342-8953,6
86,Cooper E. Roy,0,1-875-424-9281,14
87,Helen B. Ochoa,1,1-990-495-1683,40
88,Fletcher W. Martinez,1,1-266-578-2275,3
89,Venus M. Buck,0,1-290-863-6289,26
90,Kristen C. Holland,1,1-624-368-5902,27
91,Hope P. Bullock,0,1-556-901-1509,1
92,Cain T. Blanchard,1,1-920-893-1643,29
93,Shannon B. Hudson,0,1-259-337-0719,42
94,Neve F. Chandler,1,1-734-891-9281,14
95,Laurel Z. Hobbs,0,1-414-684-3785,38
96,Stuart H. Henson,0,1-405-613-1267,24
97,Deborah K. Cunningham,0,1-184-130-5165,25
98,Yoshi X. Vargas,0,1-548-488-6172,50
99,Erin A. Duke,0,1-641-920-7777,18
100,Marvin K. Beard,1,1-852-395-7786,22
101,Perry X. Simmons,1,1-278-620-8545,36
102,Amaya V. Burgess,0,1-941-248-0928,43
103,Vladimir C. Rosario,0,1-978-871-7447,20
104,Philip Q. Henderson,1,1-407-112-4393,47
105,Barrett L. Stevens,1,1-590-325-2446,43
106,Natalie T. Flowers,0,1-668-776-6623,27
107,Charissa C. Spears,0,1-988-312-4388,34
108,Solomon D. Harvey,1,1-534-216-8026,15
109,Caesar V. Wiggins,0,1-927-900-0894,28
110,Evangeline F. Martinez,1,1-490-819-3458,44
111,Isabella B. Barr,1,1-618-674-7627,29
112,Sylvester D. Gonzalez,0,1-837-803-7751,28
113,Nasim S. Hicks,1,1-296-117-1657,13
114,Calista K. Kelly,1,1-781-863-5715,20
115,Ezra Z. Kerr,1,1-595-430-5659,48
116,Erasmus P. Weeks,0,1-615-376-6268,13
117,Faith N. Dotson,0,1-611-531-8483,46
118,Faith H. Carson,0,1-436-641-5187,23
119,Ariana D. Richardson,0,1-930-482-2925,43
120,Jack M. Walker,0,1-777-902-1050,7
121,Iola C. Gutierrez,1,1-474-721-5474,17
122,Carly L. Price,1,1-784-802-3920,16
123,Keane K. Alvarado,0,1-660-328-4635,39
124,Xanthus A. Cunningham,1,1-290-584-6223,11
125,Brian Z. Herring,1,1-496-959-8458,13
126,Aristotle L. Jacobson,1,1-302-257-0027,12
127,Francis U. Love,1,1-897-947-9864,13
128,Burke S. Sharpe,1,1-723-420-6530,42
129,Upton W. Cline,1,1-226-165-2845,6
130,Hammett M. Potter,1,1-275-272-1464,23
131,Nyssa H. House,1,1-729-434-7127,28
132,Victor B. Bishop,0,1-478-905-6054,30
133,Ross X. Valencia,0,1-388-176-0091,18
134,Chandler H. Ball,1,1-855-473-7429,23
135,Shellie F. Lancaster,1,1-161-584-8494,22
136,Penelope G. Cox,0,1-423-913-9340,5
137,Sade B. Jones,0,1-790-421-4948,24
138,Robert A. Mcclain,1,1-770-517-6792,30
139,Reece C. Sullivan,0,1-956-348-2097,44
140,Jordan D. Bryan,0,1-675-338-9498,42
141,Amela R. Cash,0,1-529-177-1344,41
142,Dustin B. Christian,1,1-996-669-0350,27
143,Todd T. King,1,1-863-266-5863,37
144,Griffin H. Mckee,1,1-433-423-1183,14
145,Rafael Z. Ashley,1,1-302-139-6415,31
146,Sade L. Beck,0,1-953-365-7540,1
147,Xenos M. Miranda,0,1-918-186-8342,48
148,Fritz Y. Bender,1,1-426-313-8451,32
149,Flynn M. Chen,0,1-136-102-2926,11
150,Macey S. Sharpe,0,1-560-316-2937,47
151,Shelly N. Cline,1,1-618-698-3852,9
152,Lara Z. Pittman,1,1-543-721-6851,49
153,Mercedes L. Waller,0,1-590-576-6939,13
154,Mari E. Kemp,0,1-920-774-4972,20
155,Mia Y. Andrews,0,1-289-132-9954,48
156,Upton H. Carroll,1,1-392-929-0421,38
157,Abbot L. Wilkinson,0,1-545-136-6801,45
158,Thane T. Tran,0,1-752-913-4766,45
159,Chastity M. Hunter,0,1-212-274-9724,13
160,Hilda L. Briggs,0,1-785-753-0049,5
161,Tamara M. Graves,0,1-982-223-3376,39
162,Janna K. Buck,0,1-505-434-5201,11
163,Catherine A. Reese,1,1-276-854-8862,26
164,Griffith H. Velazquez,1,1-742-688-1809,19
165,Flynn T. May,1,1-119-638-8845,11
166,Felix L. Mooney,1,1-687-855-0977,1
167,Ella O. Dillon,1,1-105-766-5577,5
168,Nathan Q. Britt,1,1-694-470-4243,14
169,Kimberly I. Parsons,1,1-170-732-8691,37
170,MacKensie F. Marquez,0,1-264-294-8936,22
171,Amir Y. Figueroa,0,1-472-819-8064,33
172,Abbot J. Duran,1,1-677-114-5829,10
173,Hamilton K. Humphrey,1,1-466-597-3479,19
174,Alisa F. Vinson,1,1-520-172-9366,41
175,Glenna M. Dennis,1,1-740-866-0946,11
176,Megan B. Carson,1,1-510-911-9381,18
177,Hermione D. Bender,0,1-148-630-5887,35
178,Richard K. Howell,1,1-406-738-8322,26
179,William V. Owens,1,1-381-915-8451,47
180,Leigh W. Lee,1,1-242-933-2200,50
181,Donovan T. Barton,1,1-574-974-9342,42
182,Knox E. Bernard,1,1-852-260-6674,12
183,Sara A. Gardner,1,1-162-599-1748,24
184,Dana Y. Barron,0,1-342-188-3443,34
185,Genevieve Q. Armstrong,0,1-292-529-7182,36
186,Jescie M. Carney,0,1-870-540-1190,32
187,Arsenio C. York,0,1-308-543-7675,29
188,Porter T. Owen,0,1-883-287-7938,12
189,Lane Z. Avery,0,1-470-717-5276,30
190,September P. Witt,1,1-713-669-7475,50
191,Macaulay C. Byrd,1,1-325-448-9057,30
192,Ashton R. Shaw,1,1-973-328-9770,12
193,Kristen H. Meyer,1,1-252-439-8771,33
194,Evan P. Shepherd,0,1-191-773-8039,40
195,Jacqueline Z. Thomas,1,1-472-559-8656,16
196,Dante G. Christian,0,1-551-612-5142,1
197,Georgia X. Lowe,0,1-428-566-1180,23
198,Abigail I. Hudson,0,1-234-631-7873,25
199,Kelsie Y. Sanford,0,1-635-274-4798,40
200,Chastity J. Ball,0,1-936-446-6544,28
201,Willow O. Barton,0,1-394-793-7813,36
202,Pearl O. Salinas,0,1-176-927-3050,16
203,Ulric Z. Morrow,0,1-355-493-5956,36
204,Alice T. Bush,0,1-547-483-2159,12
205,Mary Z. Tran,0,1-922-782-1940,41
206,Medge T. Galloway,1,1-367-725-4010,40
207,Althea K. Gordon,1,1-970-933-5803,4
208,Avram Q. Boyd,1,1-672-627-9705,47
209,Zachary R. Taylor,0,1-240-901-8288,8
210,Jamal C. Hawkins,1,1-463-152-5539,34
211,Colton N. Bray,0,1-324-886-7702,37
212,Colorado D. Gentry,1,1-309-167-5596,27
213,Aline V. Marsh,1,1-502-866-3254,16
214,Phyllis L. Delgado,1,1-616-575-9473,44
215,Lydia G. Boone,1,1-928-810-5638,47
216,Zelda O. Fowler,1,1-281-703-9561,5
217,Henry Q. Chandler,1,1-675-102-8517,44
218,Abdul A. Hess,1,1-353-589-9361,36
219,Kirestin U. Duncan,1,1-396-595-5499,19
220,Cameran N. Bridges,1,1-495-890-3624,28
221,Levi Z. Mooney,0,1-555-319-4248,20
222,Flavia L. Gibson,1,1-744-233-2791,33
223,Taylor F. Gilliam,0,1-149-950-1767,27
224,Nehru H. Landry,0,1-451-998-1093,49
225,Lee K. Bender,1,1-227-448-8127,9
226,Irene D. Quinn,0,1-752-605-7258,31
227,Melvin X. Malone,1,1-613-784-0408,29
228,Colette J. Hunt,1,1-531-415-8982,8
229,Scarlett X. Rodgers,1,1-389-387-6044,42
230,Isaac P. Herrera,1,1-951-127-5095,36
231,Felix X. Valdez,0,1-739-229-7511,12
232,Igor H. Walter,0,1-957-621-6463,46
233,Germaine F. Prince,0,1-895-938-8161,46
234,Raven N. Saunders,1,1-271-736-4464,9
235,Vielka Y. Guerrero,0,1-533-637-9021,9
236,John X. Albert,1,1-887-495-9004,35
237,Tanek A. Preston,1,1-533-412-7972,36
238,Bruce I. Patrick,1,1-407-736-7833,11
239,Kelsie Z. Hughes,0,1-161-342-0536,42
240,Malachi N. Vang,0,1-266-427-2334,25
241,Nehru B. Huffman,1,1-512-136-7664,42
242,Ruby B. Harmon,0,1-409-195-0416,23
243,Kareem W. Hines,0,1-806-194-5012,11
244,Aladdin Q. Stark,1,1-526-663-5020,7
245,Kyle R. Sloan,1,1-488-672-5225,40
246,Grant R. Dominguez,0,1-261-945-8612,17
247,Aladdin H. Bolton,1,1-335-438-6267,40
248,Gretchen L. Ruiz,1,1-994-577-0381,38
249,Tarik O. James,0,1-360-295-2196,17
250,Suki J. Norman,0,1-247-815-1783,12
251,Octavius Q. Ratliff,0,1-432-612-5548,24
252,Lyle T. Ball,0,1-124-572-4780,3
253,Althea A. Burch,1,1-998-590-2406,15
254,Len U. May,1,1-611-771-2484,20
255,Cynthia O. Heath,0,1-741-156-1195,45
256,Xaviera B. Carrillo,1,1-992-535-0404,49
257,Shellie X. Kirk,0,1-673-170-5237,25
258,Roth U. Farrell,0,1-954-237-1945,9
259,Maya R. Yates,1,1-744-130-1447,49
260,Lyle B. Shaffer,1,1-975-850-3219,44
261,Winter O. Hamilton,1,1-913-640-4119,50
262,Hanna U. Kelley,1,1-702-703-6315,32
263,Zena O. Goodwin,1,1-168-691-3589,13
264,Lenore N. Ray,1,1-394-506-1205,11
265,Riley E. English,1,1-871-859-3659,7
266,Ora S. Holcomb,1,1-480-517-2612,9
267,Mona N. Randall,0,1-817-167-2665,33
268,Kareem J. Barrett,0,1-890-699-6866,44
269,Chelsea X. Coleman,1,1-405-421-1344,11
270,Quintessa V. Salazar,1,1-323-466-7157,38
271,Chastity B. Edwards,1,1-475-110-1129,37
272,Clarke N. Osborn,1,1-970-306-8267,2
273,Alfonso U. Wheeler,1,1-709-646-0834,15
274,John N. Morrow,0,1-147-933-1232,26
275,Reagan M. Juarez,0,1-835-316-6288,4
276,Alexander D. Juarez,1,1-403-165-0083,30
277,Kim W. Durham,1,1-916-482-8055,22
278,Jacqueline Y. Barry,1,1-342-914-0510,1
279,Hu H. Anthony,0,1-444-747-1402,17
280,Chadwick D. Rodgers,1,1-907-373-6655,10
281,Hedy Z. Nguyen,1,1-207-922-7972,38
282,Devin F. Russell,1,1-875-508-7571,23
283,Madeson I. Melton,1,1-640-943-0827,23
284,Beatrice K. Hines,0,1-280-309-0026,27
285,Cailin R. Knowles,0,1-667-156-1404,42
286,Tucker T. Murray,0,1-381-362-3657,44
287,Petra Y. Jensen,1,1-789-661-4670,9
288,Abel S. Shepard,1,1-982-815-6277,21
289,Lunea X. Carter,1,1-920-556-8291,13
290,Craig I. Bright,0,1-327-708-7113,33
291,Beau C. Powell,0,1-937-859-0650,20
292,Cameron O. May,0,1-661-389-7957,38
293,Plato I. Fry,1,1-386-306-1240,13
294,Adele S. Silva,1,1-459-591-1051,25
295,Lewis W. Briggs,1,1-887-464-1477,40
296,Colby V. Obrien,1,1-900-869-2701,17
297,Burton O. Skinner,0,1-895-326-6439,28
298,Bernard X. Elliott,1,1-487-650-1535,8
299,Karen P. Shepard,0,1-840-482-8790,32
300,Beck M. Fischer,0,1-431-954-0054,21
301,Pamela C. Ochoa,0,1-166-650-3061,29
302,Gregory P. Pacheco,0,1-633-933-4920,2
303,Amanda D. Mcleod,0,1-301-243-4760,30
304,Serena U. Murphy,0,1-521-157-7063,39
305,Bradley M. Hansen,0,1-227-791-9579,48
306,Nichole C. Barron,1,1-667-224-4186,16
307,Lila A. Sullivan,1,1-722-949-0273,18
308,Eve P. Waller,0,1-346-465-3756,48
309,Jack Z. Bernard,0,1-376-535-3848,18
310,Moses K. Maxwell,0,1-566-317-8857,50
311,Shelley V. Best,0,1-984-282-3072,5
312,Roanna S. Sykes,0,1-921-116-2803,9
313,Tyrone J. Schultz,1,1-438-266-8683,48
314,Arthur K. Byrd,0,1-412-412-2212,50
315,Plato I. Sanders,0,1-615-891-6540,13
316,Elijah E. Rodriquez,0,1-139-388-1197,40
317,Yael S. Roy,0,1-704-742-0616,9
318,Ann J. Manning,1,1-380-130-9583,48
319,Shay X. Hatfield,0,1-349-355-9936,20
320,Ocean P. Ayala,1,1-909-936-8358,49
321,Winifred B. Short,0,1-247-207-5499,30
322,Basil A. Cook,0,1-826-951-5973,36
323,Ezra R. Allison,1,1-619-957-4631,19
324,Veronica N. Holman,1,1-190-447-1521,8
325,Kaye G. Collins,0,1-990-299-9662,37
326,Levi D. Scott,1,1-638-812-9278,25
327,Brynn O. Hodge,0,1-625-952-0945,19
328,Phelan D. Herring,1,1-343-927-0108,7
329,Nadine E. Mcleod,1,1-702-837-1430,34
330,Pandora X. Luna,1,1-548-679-0347,30
331,Evan D. Rogers,0,1-324-960-3142,25
332,Shannon X. Dillard,1,1-926-325-0362,48
333,Nevada E. Knowles,0,1-395-596-9739,48
334,Regan X. Barlow,0,1-617-465-9125,31
335,Fuller X. Jordan,0,1-392-470-7850,30
336,Alexis R. Britt,1,1-930-330-2681,6
337,Ali E. Jordan,0,1-689-726-1732,3
338,Erica O. Burnett,0,1-613-843-0157,36
339,Libby N. Cobb,0,1-862-221-7526,38
340,Timon E. Dunlap,1,1-471-222-6024,38
341,Erich W. Espinoza,0,1-234-299-7080,31
342,Caryn K. Carlson,1,1-699-647-0574,9
343,Lev Z. Acosta,1,1-952-466-1823,39
344,Igor S. Lowery,0,1-426-496-0494,30
345,Gray A. Mercado,0,1-399-758-8851,10
346,Jeremy K. Alford,0,1-920-134-4068,11
347,Quin W. Mccall,1,1-532-942-2355,31
348,Jaquelyn B. Wilder,1,1-263-868-9808,19
349,Yolanda I. Craft,1,1-640-301-0765,2
350,Sage U. Dodson,1,1-702-435-8582,34
351,Kennan J. Walker,1,1-948-715-1588,35
352,Knox C. Dennis,1,1-116-413-5745,18
353,Kylan U. Rivera,0,1-463-812-5285,11
354,Chanda P. Short,1,1-224-378-2178,38
355,Hilel X. Peck,0,1-315-939-8543,9
356,Finn W. Holman,0,1-899-427-1653,45
357,Elvis R. Bennett,1,1-603-964-1750,30
358,Kai N. Campbell,0,1-899-788-0620,39
359,Steel J. Joyce,1,1-537-486-0737,17
360,Kibo U. Newton,1,1-336-768-5941,22
361,Aaron H. Christian,1,1-616-907-5776,36
362,Willa Y. Ford,1,1-194-785-7584,16
363,Callie Z. Fleming,0,1-131-910-8977,2
364,Griffin Y. Hull,1,1-762-716-1365,24
365,Joseph X. Mathis,1,1-348-844-7590,18
366,Nichole I. Sharp,1,1-647-348-4625,18
367,Evelyn H. Gates,0,1-937-877-5412,46
368,Illiana J. Oneal,0,1-767-116-3869,12
369,Vivian K. Marsh,1,1-734-968-4925,14
370,Silas U. Roberson,1,1-672-798-2848,49
371,Malcolm B. Holder,1,1-115-219-6898,33
372,Cullen M. Whitley,0,1-319-633-3149,41
373,Tobias A. Chang,0,1-617-154-5346,12
374,Paul G. Houston,1,1-764-106-5972,25
375,Cara Y. Shields,1,1-868-336-6064,25
376,Nathaniel T. Watts,0,1-351-107-8914,45
377,Violet B. Petty,0,1-699-577-4292,36
378,Veronica Z. Clark,1,1-267-906-3193,40
379,Athena L. Patrick,0,1-426-535-2251,28
380,Athena Z. Willis,0,1-302-492-1608,1
381,Derek R. Stark,1,1-187-902-5332,38
382,Ivan T. Levine,0,1-458-996-3752,17
383,Cheyenne A. Day,0,1-853-336-1380,4
384,Declan S. Woods,0,1-850-745-3830,24
385,Marcia L. Walters,0,1-579-661-2109,11
386,Chantale K. Conway,1,1-964-987-4969,36
387,Chaim S. Marshall,1,1-350-953-0971,25
388,Branden O. Dyer,0,1-445-326-9471,18
389,Alec R. Barlow,1,1-403-330-7128,26
390,Ebony V. Deleon,1,1-358-785-8771,41
391,Eden Q. Mcgee,0,1-202-533-5069,24
392,Eden A. Barton,0,1-471-402-6941,30
393,Ignatius E. Benton,1,1-300-630-5811,26
394,Brianna O. Saunders,1,1-926-895-5952,28
395,Victoria W. Navarro,0,1-485-493-3323,25
396,Logan A. Wilkinson,1,1-449-689-9769,24
397,Alisa D. Hancock,0,1-789-301-1828,1
398,Ishmael R. Barnett,1,1-462-172-0175,48
399,Bert G. Stein,1,1-730-369-6876,43
400,Asher G. Miles,1,1-536-388-4454,26
401,Bianca W. Wolfe,0,1-671-655-6591,29
402,Laurel U. Burgess,1,1-134-646-5332,14
403,Derek H. Mcclain,1,1-309-377-6193,40
404,Whoopi V. Love,1,1-181-407-3024,30
405,Alfreda R. Flynn,1,1-197-569-5545,15
406,Camden Y. Romero,0,1-144-152-1891,18
407,Ashton O. Robles,0,1-568-556-4714,22
408,Keelie I. Grimes,0,1-947-907-5730,17
409,Alice S. Moody,1,1-337-537-8873,47
410,Gary N. Golden,1,1-397-237-1069,38
411,Marcia P. Montgomery,1,1-328-625-6759,44
412,Florence K. Skinner,1,1-339-979-4780,35
413,Axel I. Le,0,1-455-734-7220,40
414,Roary S. Short,1,1-302-122-9126,40
415,Kato L. Head,1,1-623-233-6067,33
416,Aurora H. Obrien,1,1-907-465-9293,48
417,Leandra R. Sharp,1,1-109-166-7876,4
418,Mohammad T. Cannon,1,1-567-715-5821,12
419,Halee L. Taylor,1,1-245-973-2202,21
420,Kato Y. Davidson,0,1-552-449-3409,36